1,Daniel,Hart,dhart0@microsoft.com,Panama,Navashino
2,Melissa,Wagner,mwagner1@dailymail.co.uk,Philippines,San Vicente
3,Robert,Griffin,rgriffin2@hp.com,Poland,Arfará
4,Ryan,Peterson,rpeterson3@blogtalkradio.com,Indonesia,Czudec
5,Howard,Johnston,hjohnston4@amazon.co.jp,Nigeria,Xinhua
6,Billy,Long,blong5@is.gd,Dominican Republic,Sievi
7,Anthony,Moreno,amoreno6@google.pl,Russia,Biliran
8,Janet,Franklin,jfranklin7@shareasale.com,Czech Republic,Kushiro
9,Ralph,Allen,rallen8@cbslocal.com,Poland,Khlong Hat
10,Patricia,Allen,pallen9@marriott.com,Honduras,Idrinskoye
11,Charles,Arnold,carnolda@barnesandnoble.com,Albania,Yuanquan
12,Dennis,Reed,dreedb@moonfruit.com,Indonesia,Niška Banja
13,Martin,Dean,mdeanc@list-manage.com,Czech Republic,Strasbourg
14,Justin,Rogers,jrogersd@smugmug.com,Indonesia,Leleque
15,Linda,Alexander,lalexandere@free.fr,Thailand,Chernomorskiy
16,Rachel,Marshall,rmarshallf@amazonaws.com,China,Esil
17,Keith,Allen,kalleng@goodreads.com,Philippines,Qingyang
18,Carlos,Allen,callenh@alibaba.com,Serbia,Jieshi
19,Adam,Wallace,awallacei@about.com,North Korea,Borisova Griva
20,Julie,Parker,jparkerj@intel.com,Democratic Republic of the Congo,Belisario Dominguez
21,Phillip,Hayes,phayesk@wordpress.org,Brazil,Sungaimaja
22,Gloria,Price,gpricel@yellowbook.com,China,Selínia
23,Robert,Carr,rcarrm@about.com,China,Wojnicz
24,Stephanie,Washington,swashingtonn@free.fr,Philippines,Ramotswa
25,Willie,Nelson,wnelsono@about.com,Philippines,Xinzha
26,Brian,Murphy,bmurphyp@howstuffworks.com,Philippines,Xin’e
27,Carolyn,Martinez,cmartinezq@tiny.cc,Netherlands,Takeo
28,John,Oliver,joliverr@hud.gov,Netherlands,Phitsanulok
29,Irene,Castillo,icastillos@devhub.com,Iran,Pechenizhyn
30,Catherine,Gonzales,cgonzalest@prlog.org,Japan,Seattle
31,Nicholas,Diaz,ndiazu@rambler.ru,Colombia,Örnsköldsvik
32,Alice,Sims,asimsv@live.com,Philippines,Krajan Gajihan
33,Randy,Campbell,rcampbellw@instagram.com,Azerbaijan,Tobruk
34,Diane,Hudson,dhudsonx@hao123.com,Indonesia,Vicente Guerrero
35,Jessica,Gordon,jgordony@timesonline.co.uk,Czech Republic,Estarreja
36,Lillian,Bishop,lbishopz@eventbrite.com,Japan,La Huerta
37,Helen,Anderson,handerson10@fotki.com,Philippines,Los Pinos
38,Alan,Dixon,adixon11@theglobeandmail.com,Ukraine,Estreito Câmara de Lobos
39,Margaret,Burton,mburton12@acquirethisname.com,Vietnam,Nampicuan
40,Heather,Morrison,hmorrison13@lycos.com,Venezuela,Kolbano
41,Robert,Daniels,rdaniels14@sina.com.cn,China,Minshan
42,Gerald,Snyder,gsnyder15@networksolutions.com,Poland,Marumori
43,Cheryl,Wells,cwells16@wikipedia.org,Germany,Xitianwei
44,Andrew,Morales,amorales17@homestead.com,Portugal,Hino
45,Betty,Lawrence,blawrence18@washington.edu,China,Khirdalan
46,Melissa,Hicks,mhicks19@ucoz.com,Syria,Fonte Boa da Brincosa
47,Wayne,Mills,wmills1a@nydailynews.com,Iran,Cicurug
48,Diane,Collins,dcollins1b@geocities.jp,Czech Republic,Sidorejo
49,Heather,Evans,hevans1c@bigcartel.com,Indonesia,Yanhe
50,Karen,Schmidt,kschmidt1d@reuters.com,Guatemala,Benito Juarez
51,Doris,Hayes,dhayes1e@ning.com,Philippines,Xincun
52,George,Mitchell,gmitchell1f@barnesandnoble.com,China,Lingkou
53,Carl,Ortiz,cortiz1g@techcrunch.com,Colombia,Sandaohezi
54,Louis,Hill,lhill1h@joomla.org,Kosovo,Tauranga
55,Juan,Ray,jray1i@reddit.com,France,Liwonde
56,Todd,Hamilton,thamilton1j@edublogs.org,Slovenia,Vyshneve
57,Adam,Turner,aturner1k@archive.org,Canada,Gavião
58,Carl,Day,cday1l@wikispaces.com,Canada,Changqiao
59,Debra,Perkins,dperkins1m@baidu.com,Nigeria,Sanhe
60,Tina,Duncan,tduncan1n@1und1.de,Greece,Krajan Alastengah
61,Alan,Sullivan,asullivan1o@sourceforge.net,Moldova,Yashikera
62,Joan,Carter,jcarter1p@gizmodo.com,Portugal,Feteira Grande
63,Sara,Franklin,sfranklin1q@princeton.edu,Netherlands,Jauja
64,Phyllis,Burton,pburton1r@google.de,China,Al Nashmah
65,Katherine,Moreno,kmoreno1s@photobucket.com,Argentina,Bassar
66,Michael,Thompson,mthompson1t@hhs.gov,Albania,Ropa
67,Albert,Bowman,abowman1u@photobucket.com,Greece,Tapiramutá
68,Bobby,Bennett,bbennett1v@deliciousdays.com,China,Qozonketkan
69,Patrick,Crawford,pcrawford1w@shop-pro.jp,Bangladesh,Balgarevo
70,Kathleen,Morrison,kmorrison1x@360.cn,Portugal,Winong
71,Pamela,Knight,pknight1y@yandex.ru,Mexico,Zhenxi
72,Virginia,Gomez,vgomez1z@tripadvisor.com,Bangladesh,Gotovlje
73,Judith,Martin,jmartin20@google.com.au,China,Fuan
74,Russell,Andrews,randrews21@economist.com,France,Houston
75,Eric,Austin,eaustin22@networkadvertising.org,Malta,Malaya Purga
76,Mildred,Harvey,mharvey23@un.org,Cyprus,Zhengguo
77,Steven,Lopez,slopez24@miibeian.gov.cn,Indonesia,Cabriz
78,Alice,Gomez,agomez25@rakuten.co.jp,Brazil,Tandayag
79,Ralph,Stewart,rstewart26@jalbum.net,Brazil,Thoeng
80,Jimmy,Williamson,jwilliamson27@techcrunch.com,China,Shahrak
81,Ann,Marshall,amarshall28@abc.net.au,Iran,Zákupy
82,Sean,Myers,smyers29@ca.gov,Paraguay,Srubec
83,Paul,Bailey,pbailey2a@foxnews.com,Panama,Suyo
84,Lori,Medina,lmedina2b@dyndns.org,Macedonia,Pristen’
85,Andrea,Armstrong,aarmstrong2c@blogs.com,China,Villa General Belgrano
86,Bruce,Greene,bgreene2d@jimdo.com,Canada,Huamali
87,Lillian,Howard,lhoward2e@abc.net.au,France,Purwa
88,Catherine,Wells,cwells2f@hibu.com,China,Slovenske Konjice
89,Melissa,Collins,mcollins2g@studiopress.com,Macedonia,Cruzília
90,Joe,Sanchez,jsanchez2h@dedecms.com,Senegal,Basak
91,Nicholas,Chapman,nchapman2i@economist.com,China,Lenningen
92,Walter,Fox,wfox2j@ycombinator.com,Philippines,Derjan
93,Lois,Hunter,lhunter2k@people.com.cn,China,Hekou
94,Bonnie,Matthews,bmatthews2l@blogger.com,Dominican Republic,Danao
95,Lori,Hill,lhill2m@wikispaces.com,Greece,Mengdadazhuang
96,Earl,Owens,eowens2n@about.me,Latvia,Jati
97,Kevin,Armstrong,karmstrong2o@ed.gov,Indonesia,Mulyadadi
98,Phyllis,Matthews,pmatthews2p@china.com.cn,South Africa,Sofiyivka
99,James,Burton,jburton2q@spotify.com,Philippines,Mirów
100,Russell,Wheeler,rwheeler2r@time.com,Portugal,Lianga
101,William,Garrett,wgarrett2s@yale.edu,Indonesia,Xinlin
102,Heather,Jordan,hjordan2t@friendfeed.com,China,Roudnice nad Labem
103,James,Moreno,jmoreno2u@freewebs.com,Sweden,Sūq al Khamīs
104,Patrick,Rose,prose2v@networksolutions.com,United States,Bajo Naranjillo
105,Ruth,Rose,rrose2w@youtu.be,South Africa,Unión de Reyes
106,Harry,Mendoza,hmendoza2x@reddit.com,Portugal,Gufeng
107,Judy,Knight,jknight2y@nationalgeographic.com,United States,Shanggu
108,Jason,Thomas,jthomas2z@yahoo.co.jp,France,Linamon
109,Angela,Kelley,akelley30@icio.us,Argentina,Dún Laoghaire
110,Michael,Woods,mwoods31@paypal.com,Mayotte,Efeng
111,Beverly,Hanson,bhanson32@com.com,Denmark,Sitajara
112,Justin,Little,jlittle33@nasa.gov,China,Konispol
113,Sandra,Pierce,spierce34@ebay.com,Russia,Sannois
114,Norma,Harrison,nharrison35@scientificamerican.com,Sweden,Pingshan
115,Marilyn,Cooper,mcooper36@msn.com,Greece,Yingwusitang
116,Rebecca,Sims,rsims37@princeton.edu,China,Niederwaldkirchen
117,Tammy,Stevens,tstevens38@alexa.com,Indonesia,Viljandi
118,Susan,Powell,spowell39@addthis.com,China,Moju
119,Howard,Grant,hgrant3a@samsung.com,Peru,Meishan
120,Alan,Coleman,acoleman3b@prlog.org,Brazil,Antanhol
121,Margaret,Vasquez,mvasquez3c@chronoengine.com,Iran,San Buenaventura
122,Alan,Wilson,awilson3d@berkeley.edu,Colombia,Victoria
123,Ronald,Black,rblack3e@desdev.cn,France,Dayuan
124,Christine,Fisher,cfisher3f@google.cn,China,Kunyang
125,Jeremy,Carroll,jcarroll3g@is.gd,Sweden,Sabanitas
126,Patricia,Fisher,pfisher3h@furl.net,Denmark,Nakatsu
127,Andrea,Mason,amason3i@nhs.uk,Laos,Dąbie
128,Douglas,Wagner,dwagner3j@hhs.gov,Yemen,Hobscheid
129,Sharon,Morgan,smorgan3k@deviantart.com,Lithuania,La Azulita
130,Timothy,Richards,trichards3l@com.com,Indonesia,Saukkola
131,Steve,Kelly,skelly3m@wordpress.org,United States,Alannay
132,Stephanie,Rodriguez,srodriguez3n@princeton.edu,Democratic Republic of the Congo,Kelmė
133,Bobby,Ruiz,bruiz3o@macromedia.com,China,Kampong Thom
134,Joan,Morrison,jmorrison3p@linkedin.com,China,Shijak
135,Kimberly,Garrett,kgarrett3q@ehow.com,Kosovo,Quận Mười
136,Kelly,Barnes,kbarnes3r@wisc.edu,China,Saray
137,Donna,Harvey,dharvey3s@twitter.com,China,Martin
138,Shawn,Kelly,skelly3t@yelp.com,Ukraine,Caoxi
139,Virginia,Carter,vcarter3u@arizona.edu,Indonesia,Quintãs
140,Laura,Richardson,lrichardson3v@mit.edu,China,Maebashi-shi
141,Albert,Larson,alarson3w@ucsd.edu,Chile,Castelo
142,Tina,Shaw,tshaw3x@nsw.gov.au,Mongolia,Wola Rębkowska
143,Tammy,Collins,tcollins3y@google.pl,Sweden,San Jose
144,Carlos,Dunn,cdunn3z@arstechnica.com,Yemen,New York City
145,Beverly,Warren,bwarren40@over-blog.com,Russia,Bluff
146,Andrea,Palmer,apalmer41@ehow.com,Brazil,Vila Pouca da Beira
147,Sara,Mcdonald,smcdonald42@hugedomains.com,Poland,Tours
148,Patricia,Schmidt,pschmidt43@last.fm,Mali,Lawonda
149,Nicole,Carr,ncarr44@e-recht24.de,Austria,Ongi
150,Raymond,Harvey,rharvey45@usnews.com,Sweden,Évry
151,Andrew,Freeman,afreeman46@archive.org,Norway,Dadong
152,Frank,Castillo,fcastillo47@java.com,Russia,Piracuruca
153,Kevin,Greene,kgreene48@samsung.com,Togo,Battaramulla South
154,Ashley,Murray,amurray49@bravesites.com,Costa Rica,Daxin
155,Daniel,Taylor,dtaylor4a@hexun.com,Syria,Ivot
156,Evelyn,Hanson,ehanson4b@prlog.org,Thailand,Lagny-sur-Marne
157,Wayne,Hansen,whansen4c@sourceforge.net,Russia,Vani
158,Kathryn,Roberts,kroberts4d@ibm.com,South Africa,Pego Longo
159,Johnny,Montgomery,jmontgomery4e@imgur.com,Russia,Thala
160,Joe,Snyder,jsnyder4f@chicagotribune.com,Portugal,Montréal
161,Russell,Franklin,rfranklin4g@booking.com,Sweden,Vidago
162,Gregory,Patterson,gpatterson4h@bbc.co.uk,Indonesia,Idenao
163,William,Nelson,wnelson4i@ted.com,Estonia,Kangar
164,Antonio,Carroll,acarroll4j@lulu.com,Syria,Strážnice
165,Paula,Ellis,pellis4k@ow.ly,Uruguay,Nanterre
166,Walter,Burke,wburke4l@dailymail.co.uk,Philippines,Kuala Lumpur
167,Daniel,Williams,dwilliams4m@youtu.be,Sweden,Magisterial
168,Wayne,Taylor,wtaylor4n@xing.com,Colombia,Чучер - Сандево
169,Ashley,Phillips,aphillips4o@sciencedirect.com,Cameroon,Chencai
170,Craig,Greene,cgreene4p@tuttocitta.it,France,Brody
171,Stephen,Flores,sflores4q@amazon.com,Croatia,Andradas
172,Chris,Wright,cwright4r@tinyurl.com,Azerbaijan,Anticala
173,Susan,Matthews,smatthews4s@google.ru,Indonesia,Gempol
174,Jonathan,Green,jgreen4t@yolasite.com,Spain,Września
175,Brandon,Barnes,bbarnes4u@huffingtonpost.com,Poland,Cerro Azul
176,Cheryl,Weaver,cweaver4v@woothemes.com,Ireland,Xinzhuang
177,Jose,Henderson,jhenderson4w@devhub.com,Indonesia,Hénin-Beaumont
178,Adam,Bell,abell4x@squidoo.com,Madagascar,Caucagüito
179,Brian,Carter,bcarter4y@un.org,China,Kumanovo
180,Jane,Cox,jcox4z@census.gov,Brazil,Xingzi
181,Fred,Dean,fdean50@bizjournals.com,China,Midleton
182,Amanda,Turner,aturner51@rakuten.co.jp,Pakistan,Mashui
183,Joshua,Oliver,joliver52@edublogs.org,China,Abaca
184,Patricia,Warren,pwarren53@godaddy.com,Sweden,Katsikás
185,Rose,Reynolds,rreynolds54@4shared.com,Croatia,Sam Phran
186,Albert,Wright,awright55@hatena.ne.jp,China,Chervyen’
187,Brandon,Rogers,brogers56@ow.ly,Netherlands,Villa Las Rosas
188,Louise,Chapman,lchapman57@samsung.com,China,Oenam
189,Harry,Roberts,hroberts58@fema.gov,Indonesia,Kamphaeng Phet
190,Brandon,Powell,bpowell59@usgs.gov,Finland,Luhansk
191,Keith,Reyes,kreyes5a@sitemeter.com,Indonesia,Vidče
192,Raymond,Boyd,rboyd5b@creativecommons.org,Bulgaria,Vetlanda
193,Albert,Stephens,astephens5c@desdev.cn,Chad,Norrahammar
194,Jonathan,Wallace,jwallace5d@google.com.hk,Colombia,Jatibonico
195,Walter,Kennedy,wkennedy5e@businessweek.com,Indonesia,Saue
196,Rebecca,Schmidt,rschmidt5f@huffingtonpost.com,Indonesia,Jevremovac
197,Rachel,Andrews,randrews5g@jimdo.com,Poland,Barbosa
198,Ronald,Patterson,rpatterson5h@umn.edu,China,Daxin
199,Steve,Duncan,sduncan5i@ow.ly,Argentina,Khadan Khāk
200,Jacqueline,Robertson,jrobertson5j@auda.org.au,Cuba,Cavaillon
201,Jerry,Berry,jberry5k@springer.com,China,Qiting
202,Harry,Pierce,hpierce5l@techcrunch.com,Portugal,Staritsa
203,Philip,Black,pblack5m@mlb.com,Yemen,Vanadzor
204,Benjamin,Green,bgreen5n@nyu.edu,New Zealand,Huarong
205,Cheryl,Thompson,cthompson5o@jimdo.com,Argentina,Guilherand-Granges
206,Nicole,Fuller,nfuller5p@shinystat.com,Portugal,Albuera
207,Margaret,Hughes,mhughes5q@nih.gov,Egypt,Roriz
208,Christina,Nelson,cnelson5r@timesonline.co.uk,Indonesia,Flora
209,Donald,Jenkins,djenkins5s@google.ca,United States,Banag
210,Timothy,Owens,towens5t@umich.edu,Russia,Jasaan
211,Sara,Lane,slane5u@comsenz.com,Russia,Riang Tengah
212,Frances,Murray,fmurray5v@vkontakte.ru,Slovenia,Mollebamba
213,William,Morales,wmorales5w@psu.edu,Poland,Kuršėnai
214,Christine,Bennett,cbennett5x@usnews.com,Philippines,Ţubarjal
215,Donald,Duncan,dduncan5y@paginegialle.it,Portugal,La Goulette
216,Brandon,Phillips,bphillips5z@tripod.com,Czech Republic,San Francisco
217,Terry,Murphy,tmurphy60@newyorker.com,Portugal,Yangjiaping
218,Lillian,Miller,lmiller61@un.org,Albania,Syracuse
219,Sandra,Arnold,sarnold62@ustream.tv,Serbia,Napoli
220,David,Wilson,dwilson63@ebay.co.uk,Iran,Wanfa
221,Anne,Duncan,aduncan64@bravesites.com,Canada,Ngantru
222,Billy,Fuller,bfuller65@gizmodo.com,Thailand,Kizema
223,Timothy,Butler,tbutler66@go.com,Croatia,Gardinovci
224,Annie,Matthews,amatthews67@trellian.com,Pakistan,Rybinsk
225,Michael,Frazier,mfrazier68@slate.com,Afghanistan,Sugihwaras
226,Eugene,Sanders,esanders69@elegantthemes.com,Portugal,Toyonaka
227,John,Hicks,jhicks6a@slashdot.org,Brazil,Metallostroy
228,Wanda,Peterson,wpeterson6b@parallels.com,Indonesia,Awsīm
229,Patricia,Stone,pstone6c@ted.com,Indonesia,Molodohvardiys’k
230,Raymond,King,rking6d@nytimes.com,Venezuela,Zhongxinqiao
231,Jesse,Frazier,jfrazier6e@yale.edu,Indonesia,Wangwu
232,Randy,Watkins,rwatkins6f@state.gov,Mexico,Stříbro
233,Steven,Fox,sfox6g@acquirethisname.com,France,Ciro Redondo
234,Cynthia,Lopez,clopez6h@discuz.net,France,Balogo
235,Laura,Johnston,ljohnston6i@sbwire.com,Paraguay,Chupa
236,Joan,Bradley,jbradley6j@imgur.com,Indonesia,Heting
237,Jean,Johnson,jjohnson6k@ft.com,Mexico,Veselí nad Moravou
238,Amanda,Butler,abutler6l@typepad.com,China,Bystra
239,Shirley,Green,sgreen6m@intel.com,China,Sanligang
240,Thomas,Peterson,tpeterson6n@reverbnation.com,Greece,Budënnovsk
241,Lillian,Peters,lpeters6o@aboutads.info,Dominica,Hinapalanan
242,Lawrence,Sims,lsims6p@illinois.edu,United States,Abuyog
243,Judith,Hunt,jhunt6q@slate.com,Russia,Changmao
244,Diane,Chavez,dchavez6r@google.it,United States,Nakambala
245,Nicholas,Smith,nsmith6s@arizona.edu,France,Rochester
246,Matthew,Bowman,mbowman6t@devhub.com,Vietnam,Kastav
247,Carlos,Johnson,cjohnson6u@vk.com,Cameroon,Belūsovka
248,Tammy,Henry,thenry6v@csmonitor.com,Canada,Pyhäntä
249,Scott,Gardner,sgardner6w@e-recht24.de,Philippines,Frankfurt am Main
250,John,Day,jday6x@jugem.jp,Russia,Mykolayiv
251,Victor,Dean,vdean6y@skype.com,Poland,Örebro
252,Howard,Frazier,hfrazier6z@godaddy.com,Poland,Shigu
253,Deborah,Lawrence,dlawrence70@bigcartel.com,Nigeria,Camalote
254,Raymond,Reyes,rreyes71@ning.com,Colombia,Mina Clavero
255,Walter,Reynolds,wreynolds72@sciencedirect.com,Croatia,Okahandja
256,Martin,Hayes,mhayes73@cdbaby.com,Japan,Sarandi
257,Ralph,Kennedy,rkennedy74@apache.org,China,Rasūlnagar
258,Barbara,Hicks,bhicks75@imgur.com,Papua New Guinea,Flen
259,Kenneth,Hayes,khayes76@creativecommons.org,Indonesia,Al Qubbah
260,David,Rose,drose77@unesco.org,Colombia,Xiaojing
261,Paula,Rogers,progers78@alexa.com,Portugal,Longyuanba
262,Willie,Cruz,wcruz79@economist.com,China,Aimorés
263,Rebecca,Gilbert,rgilbert7a@ed.gov,Poland,Kuching
264,Stephen,Reynolds,sreynolds7b@shutterfly.com,Tanzania,Şabbūrah
265,Robin,Burton,rburton7c@icq.com,China,Genet
266,Lillian,Lee,llee7d@opera.com,Brazil,Tirana
267,Jack,White,jwhite7e@arstechnica.com,Greece,Luntai
268,John,Hamilton,jhamilton7f@photobucket.com,Russia,Mykolayiv
269,Christine,Tucker,ctucker7g@patch.com,Peru,Huaniao
270,Brandon,Chavez,bchavez7h@1688.com,United States,Évry
271,Randy,Gonzalez,rgonzalez7i@tumblr.com,China,Tacarigua
272,Angela,Brooks,abrooks7j@studiopress.com,United States,Zaoshi
273,Maria,Castillo,mcastillo7k@loc.gov,Philippines,Prosvet
274,David,Butler,dbutler7l@linkedin.com,Philippines,Wenfu
275,Kevin,Mitchell,kmitchell7m@amazon.co.uk,Mauritius,Liushutun
276,Johnny,Reyes,jreyes7n@globo.com,Ukraine,Kimry
277,Nancy,Coleman,ncoleman7o@marketwatch.com,Kazakhstan,Mulyoagung
278,Paula,Gomez,pgomez7p@ow.ly,China,Sinacaban
279,Robert,Russell,rrussell7q@netvibes.com,Portugal,Oganlima
280,Larry,Carr,lcarr7r@multiply.com,Indonesia,Coayllo
281,Brenda,Chavez,bchavez7s@bbb.org,Saudi Arabia,Careva Ćuprija
282,Jean,Ward,jward7t@house.gov,Brazil,Bagangan
283,Jack,Larson,jlarson7u@dailymail.co.uk,Mongolia,Itacoatiara
284,Eugene,Little,elittle7v@tmall.com,Russia,Kathu
285,Melissa,Hicks,mhicks7w@yellowbook.com,France,Sidomekar
286,Victor,Lane,vlane7x@chronoengine.com,China,Nuradilovo
287,Diane,Wells,dwells7y@rambler.ru,Mexico,Oeba
288,Pamela,Williamson,pwilliamson7z@deliciousdays.com,Philippines,Veverská Bítýška
289,Aaron,Shaw,ashaw80@canalblog.com,Indonesia,Luoshe
290,Paula,Dixon,pdixon81@ebay.co.uk,Colombia,Toulouse
291,Jack,Kelly,jkelly82@indiegogo.com,Russia,Ros’
292,Timothy,Brown,tbrown83@senate.gov,Argentina,Pampas
293,Lisa,Duncan,lduncan84@blogger.com,Indonesia,Liangyaping
294,Jesse,Long,jlong85@nymag.com,Andorra,Pingyao
295,Brenda,Williamson,bwilliamson86@people.com.cn,China,Saint Petersburg
296,Annie,Parker,aparker87@harvard.edu,China,Mucumpiz
297,Kenneth,Baker,kbaker88@microsoft.com,Albania,Duncan
298,Jean,Kelley,jkelley89@linkedin.com,Mexico,Xiashihao
299,Earl,Knight,eknight8a@washingtonpost.com,Czech Republic,Bosobolo
300,Lori,Lopez,llopez8b@mozilla.org,Ecuador,Nanhu
301,Charles,Richards,crichards8c@nhs.uk,Brazil,Qianzhou
302,Louise,Griffin,lgriffin8d@weibo.com,China,Ourtzagh
303,Michael,Dixon,mdixon8e@addthis.com,Indonesia,Tal’ne
304,Mildred,Harvey,mharvey8f@lycos.com,France,São Bento
305,Peter,Stone,pstone8g@wikia.com,United States,San Luis Ixcán
306,Sarah,Warren,swarren8h@wikimedia.org,Colombia,San Isidro
307,Eugene,Henderson,ehenderson8i@jiathis.com,China,Carodok
308,Shawn,Harvey,sharvey8j@blogger.com,China,Rožmitál pod Třemšínem
309,Lois,Chavez,lchavez8k@icq.com,Brazil,Karlstad
310,Patricia,Brown,pbrown8l@studiopress.com,Latvia,Habingkloang
311,Stephanie,Turner,sturner8m@wordpress.org,Canada,Shangjia
312,Russell,Watson,rwatson8n@drupal.org,Ukraine,Mekkaw
313,Victor,Davis,vdavis8o@reference.com,Thailand,Vinhedo
314,Mark,Murphy,mmurphy8p@businesswire.com,Russia,Verdizela
315,Clarence,Clark,cclark8q@google.cn,Indonesia,Qingzhou
316,Terry,Bailey,tbailey8r@desdev.cn,Russia,Muff
317,Virginia,Bennett,vbennett8s@bloglines.com,Russia,Sendang
318,Denise,Payne,dpayne8t@edublogs.org,Ukraine,Biga
319,Betty,Hayes,bhayes8u@tinyurl.com,Canada,Fakaifou Village
320,Judith,Hill,jhill8v@wiley.com,China,Pizarrete
321,Peter,Howard,phoward8w@cbc.ca,Ukraine,Pobé
322,Brandon,Watkins,bwatkins8x@google.pl,Uzbekistan,Machikou
323,Joshua,Moreno,jmoreno8y@yellowbook.com,Tajikistan,Riosucio
324,Andrea,Simmons,asimmons8z@ihg.com,Pakistan,Kadupinang
325,Ernest,Hawkins,ehawkins90@hc360.com,Japan,s-Hertogenbosch
326,Beverly,Mason,bmason91@myspace.com,Poland,Sueyoshichō-ninokata
327,Helen,Jacobs,hjacobs92@goo.ne.jp,Indonesia,Yug
328,Janice,Peterson,jpeterson93@foxnews.com,Brazil,Consolacion
329,Kenneth,Kim,kkim94@51.la,Mongolia,Gaofeng
330,Joan,Reynolds,jreynolds95@cbc.ca,Egypt,Shatian
331,Russell,Murphy,rmurphy96@ocn.ne.jp,China,Ravānsar
332,Scott,Carroll,scarroll97@blogs.com,Canada,Kourou
333,Ernest,Woods,ewoods98@merriam-webster.com,Sweden,Padas
334,Juan,Gibson,jgibson99@google.pl,Argentina,Munduk
335,Anna,Edwards,aedwards9a@wunderground.com,Philippines,Penhascoso
336,Ronald,Jones,rjones9b@jimdo.com,Japan,Khlong Yai
337,Craig,Stephens,cstephens9c@networksolutions.com,Chile,Selat
338,Judy,Welch,jwelch9d@apache.org,Myanmar,Yunji
339,Kathy,Fernandez,kfernandez9e@yale.edu,Indonesia,Lattes
340,Peter,Moreno,pmoreno9f@photobucket.com,Portugal,Tiassalé
341,Irene,Riley,iriley9g@msu.edu,Slovenia,Guazapa
342,Dennis,Cooper,dcooper9h@google.cn,Palestinian Territory,Kashima-shi
343,Craig,Dixon,cdixon9i@youku.com,Canada,Mayisad
344,Ralph,Lawrence,rlawrence9j@barnesandnoble.com,Greece,Täby
345,Louis,Mcdonald,lmcdonald9k@about.com,Sweden,Hebu
346,Bruce,Woods,bwoods9l@nationalgeographic.com,Netherlands,El Aguacate
347,Barbara,Lane,blane9m@google.com.hk,Guatemala,Hedi
348,Christopher,Wilson,cwilson9n@state.tx.us,Indonesia,Solikamsk
349,Ronald,Harvey,rharvey9o@ihg.com,Laos,Wichita
350,Adam,Castillo,acastillo9p@globo.com,Bolivia,Taoudenni
351,Antonio,Hunt,ahunt9q@columbia.edu,Russia,Al Ḩarajah
352,Jacqueline,Harris,jharris9r@japanpost.jp,Czech Republic,Boychinovtsi
353,David,Fuller,dfuller9s@altervista.org,Philippines,Mchinji
354,Willie,Hawkins,whawkins9t@xrea.com,China,Lorengau
355,Catherine,Lawson,clawson9u@craigslist.org,Syria,Luxi
356,Robert,Howard,rhoward9v@mac.com,Brazil,Gatesville
357,Christina,Ford,cford9w@oaic.gov.au,French Polynesia,Landerneau
358,Martha,Smith,msmith9x@intel.com,Tanzania,Krajan Dermawuharjo
359,Nicholas,Alexander,nalexander9y@addtoany.com,Mexico,Potoni
360,Lisa,Anderson,landerson9z@so-net.ne.jp,Azerbaijan,Wakema
361,Edward,Wallace,ewallacea0@go.com,Sweden,Zgurovka
362,Betty,Robertson,brobertsona1@census.gov,Philippines,Lijiaxiang
363,Douglas,West,dwesta2@slideshare.net,Brazil,Matola
364,Cynthia,Wagner,cwagnera3@fda.gov,Sweden,Perho
365,Benjamin,Gardner,bgardnera4@histats.com,Indonesia,Nong Bua
366,Phillip,Mason,pmasona5@unesco.org,Russia,Skópelos
367,Shirley,Anderson,sandersona6@businesswire.com,France,Misawa
368,Karen,Reid,kreida7@statcounter.com,France,Novocherkassk
369,Annie,Armstrong,aarmstronga8@mysql.com,Cameroon,Taiping
370,Michael,Lawson,mlawsona9@posterous.com,Ukraine,Reshetikha
371,Heather,Richards,hrichardsaa@digg.com,China,Rābigh
372,Amanda,Holmes,aholmesab@geocities.jp,China,Iqaluit
373,Keith,Reed,kreedac@w3.org,Poland,Itabaiana
374,Donna,Berry,dberryad@google.com.au,China,Tân Hòa
375,Lois,Myers,lmyersae@imgur.com,China,Covas da Raposa
376,Larry,Sanders,lsandersaf@bing.com,France,Ganyi
377,Wanda,Ford,wfordag@ucsd.edu,China,Chiclayo
378,George,Ruiz,gruizah@cargocollective.com,Croatia,Hengdaohezi
379,Janet,Williamson,jwilliamsonai@mysql.com,Uzbekistan,Ikhtiman
380,Earl,Coleman,ecolemanaj@cpanel.net,China,Xiliguantun
381,Harold,Robinson,hrobinsonak@theatlantic.com,Russia,Hanover
382,Randy,Cruz,rcruzal@discuz.net,Russia,Santa Cruz
383,Juan,Dixon,jdixonam@unesco.org,Ethiopia,Moulay Yacoub
384,Wanda,Ruiz,wruizan@fotki.com,United States,Dong’an
385,Julie,Johnston,jjohnstonao@reuters.com,Syria,Lingcheng
386,Jack,Hughes,jhughesap@lulu.com,China,Candi
387,Jack,Berry,jberryaq@ebay.co.uk,China,Ocongate
388,Christine,Alvarez,calvarezar@chicagotribune.com,Ukraine,Nakhon Nayok
389,David,Perry,dperryas@reuters.com,Philippines,Tân Châu
390,Kelly,James,kjamesat@last.fm,Vietnam,Limbe
391,Jonathan,Edwards,jedwardsau@symantec.com,Russia,Baraguá
392,Rebecca,Welch,rwelchav@huffingtonpost.com,Czech Republic,Florence
393,Norma,Rose,nroseaw@amazon.com,Iran,Huayllati
394,Bruce,Berry,bberryax@plala.or.jp,Russia,Xinshan
395,Carlos,Fernandez,cfernandezay@blog.com,Philippines,Dubrava
396,Paul,Myers,pmyersaz@noaa.gov,Ukraine,Iyo
397,Donald,Martinez,dmartinezb0@oakley.com,Indonesia,Dahao
398,Martha,Williamson,mwilliamsonb1@china.com.cn,Jordan,Manukau City
399,Paula,Nguyen,pnguyenb2@uiuc.edu,Indonesia,Miyata
400,Billy,Larson,blarsonb3@networkadvertising.org,Thailand,Admiralteisky
401,Shirley,Davis,sdavisb4@cbslocal.com,Brazil,Dobra
402,Sandra,Hunter,shunterb5@accuweather.com,Finland,Ningchegu
403,Nicholas,Edwards,nedwardsb6@gravatar.com,Colombia,Donnacona
404,Harry,Hill,hhillb7@tamu.edu,Russia,Quípama
405,Daniel,Cox,dcoxb8@dropbox.com,Indonesia,Ketapang
406,David,Mccoy,dmccoyb9@fc2.com,Cuba,Woodford Hill
407,Lois,Alexander,lalexanderba@thetimes.co.uk,Philippines,Tongqing
408,Andrew,Patterson,apattersonbb@hao123.com,Bulgaria,Qingxi
409,Alan,Cunningham,acunninghambc@virginia.edu,Croatia,Matanog
410,Amy,Hill,ahillbd@dion.ne.jp,Sweden,Huangjingba
411,Linda,Stewart,lstewartbe@biblegateway.com,Panama,Hyesan-dong
412,Stephanie,Oliver,soliverbf@upenn.edu,Indonesia,Xiaqiao
413,Louise,Hernandez,lhernandezbg@vk.com,Trinidad and Tobago,Pudasjärvi
414,Joseph,Reed,jreedbh@indiegogo.com,France,Sibiti
415,Gary,Flores,gfloresbi@linkedin.com,Brazil,Farmington
416,Antonio,Mason,amasonbj@guardian.co.uk,Ukraine,Desa Kertasari
417,William,Bailey,wbaileybk@soundcloud.com,Indonesia,Golovinskiy
418,George,Shaw,gshawbl@domainmarket.com,Paraguay,Minyue
419,Brandon,Gibson,bgibsonbm@gov.uk,China,Choroszcz
420,Lois,Washington,lwashingtonbn@mashable.com,Poland,Sujji
421,Eugene,Nelson,enelsonbo@privacy.gov.au,Japan,Anse Boileau
422,Christopher,Robinson,crobinsonbp@pen.io,Myanmar,Sechelt
423,Brian,Foster,bfosterbq@redcross.org,Brazil,Nacka
424,Diana,James,djamesbr@csmonitor.com,Indonesia,Belsk Duży
425,Richard,Gibson,rgibsonbs@webs.com,Russia,Khalkhāl
426,Lois,Coleman,lcolemanbt@chron.com,China,Sofifi
427,Bobby,Simmons,bsimmonsbu@house.gov,Russia,Qinggou
428,Judith,Gonzalez,jgonzalezbv@marketwatch.com,China,Kapan
429,Paul,Campbell,pcampbellbw@ameblo.jp,China,Pulaupinang
430,Linda,Jones,ljonesbx@columbia.edu,Brazil,Massawa
431,Irene,Arnold,iarnoldby@google.com.br,Peru,Gryazovets
432,Harry,Butler,hbutlerbz@blogger.com,Philippines,Sukamulia
433,Julia,Oliver,joliverc0@dmoz.org,Croatia,Sarrazola
434,Michael,Rogers,mrogersc1@unc.edu,Poland,San José
435,Carl,Greene,cgreenec2@friendfeed.com,Greece,Clifden
436,Jeffrey,Banks,jbanksc3@forbes.com,Albania,Soasio
437,Peter,Medina,pmedinac4@elpais.com,Palestinian Territory,Kanekomachi
438,Sean,Richardson,srichardsonc5@uiuc.edu,Chile,Matarraque
439,Martha,Baker,mbakerc6@tinypic.com,China,Sanli
440,Justin,Howard,jhowardc7@pen.io,China,Banjar Taro Kelod
441,Jeffrey,Nguyen,jnguyenc8@umich.edu,Kenya,Lijiazui
442,Catherine,Foster,cfosterc9@blog.com,Nigeria,Sūq al Khamīs
443,Jack,Medina,jmedinaca@hostgator.com,Indonesia,Höganäs
444,Benjamin,Gray,bgraycb@shop-pro.jp,France,Kuczbork-Osada
445,Christopher,Collins,ccollinscc@amazon.co.jp,Indonesia,Frolovo
446,Stephen,Evans,sevanscd@spiegel.de,Indonesia,Akunk’
447,Willie,Gomez,wgomezce@bloglines.com,Portugal,Mathba
448,Jimmy,Russell,jrussellcf@clickbank.net,Sweden,Soavinandriana
449,Frances,Green,fgreencg@goo.gl,Russia,Karangbaru
450,Carlos,Stone,cstonech@domainmarket.com,China,Gorbunki
451,Irene,Harris,iharrisci@cam.ac.uk,Guatemala,Khairpur Nathan Shāh
452,Ruby,Frazier,rfraziercj@tripod.com,Indonesia,Tunggulsari
453,Craig,Simpson,csimpsonck@tripod.com,Portugal,Sanxing
454,Karen,Perez,kperezcl@sina.com.cn,Colombia,Baláo
455,Russell,Ortiz,rortizcm@goodreads.com,Japan,Hangzhou
456,Eugene,Owens,eowenscn@oracle.com,Czech Republic,Strzelin
457,Roger,Nguyen,rnguyenco@opera.com,China,Caucasia
458,Clarence,Jenkins,cjenkinscp@nih.gov,Saint Vincent and the Grenadines,Sharm el-Sheikh
459,Sarah,Larson,slarsoncq@shareasale.com,China,Rantauambacang
460,Ralph,Williams,rwilliamscr@slashdot.org,Argentina,Bangeran
461,Jack,Miller,jmillercs@networkadvertising.org,United States,Ho
462,Henry,Robertson,hrobertsonct@state.tx.us,Pakistan,Kołbaskowo
463,Ruby,Gordon,rgordoncu@prlog.org,Poland,Düsseldorf
464,Paul,Lawrence,plawrencecv@senate.gov,China,Campos Novos
465,Matthew,Romero,mromerocw@addthis.com,Ethiopia,Jintan
466,Cynthia,Jenkins,cjenkinscx@cornell.edu,Philippines,La Trinidad
467,Sarah,Campbell,scampbellcy@theatlantic.com,Uganda,Waihi
468,Annie,Lane,alanecz@discuz.net,Peru,Veinticinco de Mayo
469,Karen,Frazier,kfrazierd0@nbcnews.com,Russia,Katsina-Ala
470,Bruce,Anderson,bandersond1@desdev.cn,Portugal,Pisangkemeng
471,Dorothy,Vasquez,dvasquezd2@github.com,China,Arnprior
472,Debra,Flores,dfloresd3@slideshare.net,Lithuania,Surazh
473,Christina,Arnold,carnoldd4@kickstarter.com,Poland,Kaseda-shirakame
474,Michael,Bryant,mbryantd5@walmart.com,Cuba,Linköping
475,Stephanie,Brooks,sbrooksd6@angelfire.com,Indonesia,Hexi
476,Victor,Payne,vpayned7@woothemes.com,China,Cangchang
477,Terry,Spencer,tspencerd8@pinterest.com,Lithuania,Bakov nad Jizerou
478,Julie,Brooks,jbrooksd9@cdbaby.com,Philippines,Wołczyn
479,Douglas,Fox,dfoxda@hibu.com,Poland,Lensk
480,Charles,Vasquez,cvasquezdb@newyorker.com,Czech Republic,Nanning
481,Melissa,Smith,msmithdc@uol.com.br,Panama,Xianrendu
482,Fred,Alvarez,falvarezdd@gmpg.org,China,Sayansk
483,Janet,Burton,jburtonde@google.nl,Philippines,Mrzezino
484,Gary,Simmons,gsimmonsdf@cafepress.com,China,Sungaikupang
485,Shawn,Weaver,sweaverdg@deliciousdays.com,Vietnam,Huangshagang
486,Lawrence,Mason,lmasondh@spiegel.de,Philippines,Xilin Hot
487,Emily,Campbell,ecampbelldi@apache.org,China,Ban Talat Yai
488,Carlos,Jackson,cjacksondj@ucla.edu,United States,Tuanfeng
489,Cynthia,Oliver,coliverdk@cnet.com,China,Tunggulsari
490,Todd,Gonzales,tgonzalesdl@accuweather.com,Russia,Nyzhnya Krynka
491,Martin,Brooks,mbrooksdm@shutterfly.com,New Zealand,Kopparberg
492,Patricia,Edwards,pedwardsdn@typepad.com,Czech Republic,Le Kremlin-Bicêtre
493,Cynthia,Watson,cwatsondo@cpanel.net,United States,Kobuleti
494,Scott,Webb,swebbdp@ycombinator.com,Qatar,Wangsi
495,Janet,Miller,jmillerdq@auda.org.au,Indonesia,Waitenepang
496,Douglas,Medina,dmedinadr@jugem.jp,China,Tagapul-an
497,Jean,Howell,jhowellds@wikimedia.org,China,Santarém
498,George,Baker,gbakerdt@flavors.me,Nigeria,Jangkungkusumo
499,Joseph,Palmer,jpalmerdu@businessinsider.com,Russia,Huhe
500,Phyllis,Austin,paustindv@ihg.com,Zambia,Sanankerto
501,Anna,Hughes,ahughesdw@trellian.com,Mauritius,Tržič
502,Joseph,Gonzalez,jgonzalezdx@kickstarter.com,Brazil,Salcedo
503,Jean,Murray,jmurraydy@privacy.gov.au,Brazil,Gampingan
504,Henry,Arnold,harnolddz@nifty.com,China,Montague
505,Phillip,Ross,prosse0@npr.org,Comoros,Tamarindo
506,Eugene,Ferguson,efergusone1@springer.com,South Africa,Subrag
507,Johnny,Daniels,jdanielse2@ning.com,Nicaragua,Sungairaya
508,Kathleen,Dean,kdeane3@usa.gov,Colombia,Paobokol
509,Kathleen,Harrison,kharrisone4@wired.com,China,Oklahoma City
510,Patricia,Hawkins,phawkinse5@smugmug.com,Japan,Písečná
511,Sandra,Elliott,selliotte6@ibm.com,China,Dao
512,Paula,Kennedy,pkennedye7@github.io,Russia,Rungis
513,Scott,Howell,showelle8@si.edu,Russia,Passagem
514,Thomas,Morrison,tmorrisone9@google.es,China,Panórama
515,Jeremy,Murphy,jmurphyea@lulu.com,Japan,Tabalosos
516,Thomas,Howell,thowelleb@over-blog.com,Kyrgyzstan,Challas
517,Margaret,Perez,mperezec@timesonline.co.uk,Brazil,Nyazepetrovsk
518,Lillian,Clark,lclarked@examiner.com,Peru,Baryshevo
519,Marie,Moore,mmooreee@mozilla.org,Nigeria,Srubec
520,Rebecca,Vasquez,rvasquezef@ft.com,China,Severka
521,Adam,Collins,acollinseg@columbia.edu,Japan,Datarnangka
522,Maria,Hicks,mhickseh@google.com.au,Indonesia,Radviliskis
523,Judy,Kelly,jkellyei@unesco.org,Indonesia,Huaikan
524,Mary,Ruiz,mruizej@nyu.edu,Indonesia,Legionowo
525,Julia,Baker,jbakerek@cdbaby.com,Egypt,Brampton
526,Jesse,Stevens,jstevensel@lycos.com,Croatia,Ríohacha
527,Cheryl,Stevens,cstevensem@trellian.com,Slovenia,Homeyo
528,Louis,Fuller,lfulleren@fema.gov,Canada,San Agustin
529,Eric,Ryan,eryaneo@vinaora.com,Ukraine,Čačinci
530,Shirley,Fowler,sfowlerep@jigsy.com,Costa Rica,Medeiros Neto
531,Russell,Simpson,rsimpsoneq@unblog.fr,China,Baška Voda
532,Douglas,Shaw,dshawer@networkadvertising.org,Ukraine,Yorii
533,Roy,Gilbert,rgilbertes@dot.gov,Portugal,Eksjö
534,Sarah,Carpenter,scarpenteret@mit.edu,Brazil,Maae
535,Stephanie,Duncan,sduncaneu@unicef.org,Costa Rica,Querocotillo
536,Harry,Lewis,hlewisev@ca.gov,France,Buzhakan
537,Kevin,Ellis,kellisew@fc2.com,France,Oslob
538,Stephen,Bailey,sbaileyex@xing.com,China,Baroh
539,Walter,Hart,whartey@seattletimes.com,Russia,Daming
540,Amanda,Franklin,afranklinez@upenn.edu,Dominican Republic,Compostela
541,Theresa,Welch,twelchf0@goo.gl,China,Wangmo
542,Frances,Edwards,fedwardsf1@opera.com,France,Ghār al Milḩ
543,Rose,Palmer,rpalmerf2@geocities.com,Russia,Vailoa
544,David,Sanders,dsandersf3@1und1.de,Israel,Baita
545,Shawn,Howard,showardf4@businesswire.com,United States,Šardice
546,Gloria,Williamson,gwilliamsonf5@webeden.co.uk,France,Boro Utara
547,Phillip,Hart,phartf6@irs.gov,Sudan,Ōta
548,Keith,Kelly,kkellyf7@army.mil,Serbia,Longshi
549,Kevin,Crawford,kcrawfordf8@webnode.com,Colombia,San Francisco
550,Kenneth,Meyer,kmeyerf9@virginia.edu,China,Mikołów
551,Sharon,Knight,sknightfa@networkadvertising.org,Colombia,Munggang
552,Frances,Ellis,fellisfb@merriam-webster.com,Argentina,Bolekhiv
553,Lori,Palmer,lpalmerfc@networkadvertising.org,Colombia,Primorsko-Akhtarsk
554,Christine,Cook,ccookfd@elpais.com,Poland,Vazante
555,Beverly,Hunt,bhuntfe@va.gov,China,Verdun
556,Wanda,Kim,wkimff@biglobe.ne.jp,Brazil,Malitbog
557,Norma,Washington,nwashingtonfg@51.la,Russia,Gwaram
558,Julia,Jones,jjonesfh@simplemachines.org,Nigeria,Eixo
559,Jean,Rose,jrosefi@fc2.com,China,Dongshi
560,Lois,Washington,lwashingtonfj@pbs.org,Russia,Vyshneve
561,Jennifer,Boyd,jboydfk@nba.com,China,Yandian
562,Sean,West,swestfl@paypal.com,Azerbaijan,Bangekdewa
563,Anthony,Walker,awalkerfm@sourceforge.net,Russia,Temorlorong
564,Fred,Vasquez,fvasquezfn@jugem.jp,Canada,Tilcara
565,Lori,Nichols,lnicholsfo@chron.com,Afghanistan,Namboongan
566,Jack,Bryant,jbryantfp@wix.com,Indonesia,Los Angeles
567,Phillip,Morales,pmoralesfq@123-reg.co.uk,Nicaragua,Loreto
568,Jerry,Dean,jdeanfr@guardian.co.uk,China,Phunphin
569,Gary,Henderson,ghendersonfs@wp.com,Tunisia,Durrës
570,Lois,Myers,lmyersft@kickstarter.com,Hungary,Peachland
571,Emily,Pierce,epiercefu@google.com.hk,Brazil,Tororo
572,Bruce,Tucker,btuckerfv@scribd.com,Thailand,Washington
573,Frank,Owens,fowensfw@earthlink.net,Russia,Jiangpan
574,Justin,Wagner,jwagnerfx@reference.com,Indonesia,Fuji
575,Russell,Allen,rallenfy@rediff.com,Nepal,Bureya
576,Gary,Washington,gwashingtonfz@washingtonpost.com,United States,Swedru
577,Clarence,Edwards,cedwardsg0@imageshack.us,Indonesia,Ḩawf
578,Lillian,Roberts,lrobertsg1@archive.org,Philippines,Cachadinha
579,Harold,Nelson,hnelsong2@elpais.com,Mauritius,Al Karmil
580,Emily,Knight,eknightg3@newyorker.com,China,Sieniawa Żarska
581,Bonnie,Cole,bcoleg4@bravesites.com,United States,Nueva Imperial
582,Phillip,Harris,pharrisg5@bloomberg.com,Indonesia,Nizhnedevitsk
583,Jennifer,Collins,jcollinsg6@goo.ne.jp,Nigeria,Shimo-furano
584,Theresa,Tucker,ttuckerg7@usnews.com,Brazil,Mangaratiba
585,Douglas,Palmer,dpalmerg8@dion.ne.jp,Indonesia,La Paz
586,Jesse,Morgan,jmorgang9@eventbrite.com,China,Dongqu
587,Terry,Hansen,thansenga@t-online.de,Nigeria,Limbo
588,Debra,Gomez,dgomezgb@paginegialle.it,Lithuania,Takub
589,Janet,James,jjamesgc@state.tx.us,Japan,Pragen Selatan
590,Helen,Lopez,hlopezgd@theglobeandmail.com,China,Xo’jayli Shahri
591,Janice,Sanchez,jsanchezge@weather.com,Nigeria,Campoalegre
592,Steve,Owens,sowensgf@ucoz.ru,Malta,Sölvesborg
593,Louise,Kelly,lkellygg@ucsd.edu,Indonesia,Kungsör
594,James,Anderson,jandersongh@census.gov,Philippines,Qiucun
595,Cynthia,Elliott,celliottgi@auda.org.au,Thailand,Huangxi
596,Andrea,Elliott,aelliottgj@mapquest.com,Poland,Hajnówka
597,Catherine,Dean,cdeangk@webs.com,Poland,Zhovkva
598,Kelly,Evans,kevansgl@facebook.com,Paraguay,Lido
599,Phillip,Greene,pgreenegm@boston.com,Ivory Coast,Inhambupe
600,Ralph,Romero,rromerogn@nasa.gov,France,Shofirkon
601,Jerry,Mills,jmillsgo@domainmarket.com,Indonesia,Tuojiang
602,Timothy,Patterson,tpattersongp@joomla.org,China,Nzega
603,Joe,Ryan,jryangq@engadget.com,Argentina,Chengqu
604,Bonnie,Phillips,bphillipsgr@theglobeandmail.com,Sweden,Jaba‘
605,Richard,Warren,rwarrengs@usda.gov,China,Mulino
606,Jean,Owens,jowensgt@chicagotribune.com,Poland,Saint Louis
607,Barbara,Mills,bmillsgu@123-reg.co.uk,Brazil,San Antonio
608,Lawrence,Tucker,ltuckergv@wiley.com,Canada,Darungan
609,Rachel,Gonzales,rgonzalesgw@meetup.com,China,Mustvee
610,Joe,Hansen,jhansengx@hhs.gov,United States,San Francisco
611,Sharon,Wheeler,swheelergy@freewebs.com,Peru,Kaom
612,Arthur,Nichols,anicholsgz@gov.uk,Brazil,Amphawa
613,Cynthia,Hill,chillh0@yellowpages.com,Philippines,Krajan Tengah
614,Amy,Fields,afieldsh1@ucoz.com,Philippines,Hostouň
615,Henry,Hamilton,hhamiltonh2@mit.edu,Ireland,Saint-Brieuc
616,Rose,Ortiz,rortizh3@twitpic.com,Portugal,Cherkasskoye
617,Ruth,Gonzalez,rgonzalezh4@diigo.com,Thailand,Austin
618,Edward,Torres,etorresh5@yolasite.com,Brazil,Cigadung
619,Julia,Arnold,jarnoldh6@smugmug.com,Portugal,Sakaidechō
620,Martin,Sanchez,msanchezh7@google.co.jp,Ukraine,Manta
621,Jeffrey,Edwards,jedwardsh8@1und1.de,Spain,Pakel
622,Phillip,Stephens,pstephensh9@weather.com,Belarus,Manola
623,Paul,Ramirez,pramirezha@histats.com,Indonesia,Andalucía
624,Melissa,Price,mpricehb@chron.com,Indonesia,Ulaan Khat
625,Antonio,Johnston,ajohnstonhc@reference.com,Greece,Ngajum
626,Harry,Garrett,hgarretthd@multiply.com,Australia,Rio Verde de Mato Grosso
627,Karen,Austin,kaustinhe@cargocollective.com,China,Madrid
628,Martha,Long,mlonghf@ebay.co.uk,France,Cihua
629,Brian,Shaw,bshawhg@imageshack.us,China,Geneng
630,Kenneth,Ruiz,kruizhh@wunderground.com,Afghanistan,Jiapeng
631,Dennis,Barnes,dbarneshi@sourceforge.net,Colombia,Bulacan
632,Lisa,White,lwhitehj@icq.com,China,Jianshan
633,Jimmy,Fowler,jfowlerhk@cnn.com,Brazil,Ciro Redondo
634,Daniel,Bradley,dbradleyhl@google.es,Philippines,Bolembre
635,Joe,Rogers,jrogershm@craigslist.org,China,Jiupu
636,Melissa,Ford,mfordhn@time.com,Colombia,Pora
637,Jose,Evans,jevansho@wikipedia.org,Serbia,Trảng Bom
638,Alan,Wright,awrighthp@netvibes.com,Philippines,Sala
639,Chris,Cook,ccookhq@un.org,Philippines,Pueblo Nuevo Viñas
640,Angela,Bowman,abowmanhr@domainmarket.com,China,Caracol
641,Johnny,Simpson,jsimpsonhs@skyrock.com,Ukraine,Guhua
642,Brian,Johnston,bjohnstonht@cbsnews.com,China,Ulaan-Uul
643,Shawn,Foster,sfosterhu@seesaa.net,Philippines,Khodasy
644,Carol,Hanson,chansonhv@sogou.com,Colombia,Oguma
645,James,Davis,jdavishw@apple.com,Niger,Arma
646,Judy,Pierce,jpiercehx@blogtalkradio.com,Bulgaria,Fuchūchō
647,Laura,Hicks,lhickshy@is.gd,Germany,Qingkou
648,Theresa,Mitchell,tmitchellhz@cnn.com,Indonesia,Jiangzhang
649,Brandon,Mitchell,bmitchelli0@studiopress.com,Philippines,Houjiagang
650,Willie,Russell,wrusselli1@admin.ch,China,Lipin Bor
651,Jennifer,Dunn,jdunni2@1688.com,China,Huanshi
652,Amanda,Oliver,aoliveri3@hatena.ne.jp,Botswana,Stockholm
653,Irene,Lawson,ilawsoni4@spotify.com,Brazil,Bria
654,Debra,Morales,dmoralesi5@godaddy.com,Indonesia,Nyahururu
655,Edward,Adams,eadamsi6@google.ca,Brazil,Weitang
656,Catherine,Dunn,cdunni7@cnet.com,Colombia,Boac
657,Raymond,Hayes,rhayesi8@salon.com,China,Yuyue
658,Mildred,Morrison,mmorrisoni9@imageshack.us,Poland,Tsagaandörvölj
659,James,Wilson,jwilsonia@macromedia.com,Argentina,Perechyn
660,Henry,Rice,hriceib@gnu.org,China,Lovrenc na Pohorju
661,George,Dunn,gdunnic@yale.edu,Indonesia,Kamieniec Ząbkowicki
662,Douglas,Lewis,dlewisid@over-blog.com,Portugal,Yunluo
663,Henry,Reynolds,hreynoldsie@last.fm,Bolivia,Cesson-Sévigné
664,Margaret,Hawkins,mhawkinsif@state.tx.us,Canada,Fosca
665,Lori,Perry,lperryig@qq.com,Rwanda,Shuangxing
666,Jesse,Willis,jwillisih@scientificamerican.com,Czech Republic,Silikatnyy
667,Ryan,Oliver,roliverii@arizona.edu,Faroe Islands,Tours
668,George,Cooper,gcooperij@wikimedia.org,China,Bankim
669,Chris,White,cwhiteik@jimdo.com,Philippines,Leonárisso
670,Dorothy,Cunningham,dcunninghamil@phpbb.com,Indonesia,Ngama
671,Margaret,Vasquez,mvasquezim@sakura.ne.jp,Brazil,Kumanovo
672,Billy,Simpson,bsimpsonin@com.com,China,Anxiang
673,Anthony,Alexander,aalexanderio@yellowbook.com,Colombia,Ferraz de Vasconcelos
674,Donald,Wood,dwoodip@ezinearticles.com,China,Steblevë
675,Marie,Webb,mwebbiq@uiuc.edu,Argentina,Mayskiy
676,Jeffrey,Evans,jevansir@de.vu,Portugal,San Francisco de Macorís
677,Patrick,Ortiz,portizis@army.mil,Pakistan,Khorol
678,Betty,Gomez,bgomezit@thetimes.co.uk,China,Novovoronezh
679,Jimmy,Payne,jpayneiu@hexun.com,Uganda,New York City
680,Dorothy,Jacobs,djacobsiv@chron.com,Mongolia,Chynadiyovo
681,Ann,Payne,apayneiw@cargocollective.com,Argentina,Livramento do Brumado
682,Phyllis,Armstrong,parmstrongix@google.ca,France,Melaka
683,Willie,Ray,wrayiy@istockphoto.com,Mongolia,Vilares
684,Johnny,Black,jblackiz@nhs.uk,China,Ma‘dān
685,Justin,King,jkingj0@ow.ly,Philippines,Suileng
686,Christine,Lawson,clawsonj1@google.co.jp,China,Yudai
687,Matthew,Frazier,mfrazierj2@mit.edu,Palestinian Territory,Maqbanah
688,Justin,Banks,jbanksj3@prnewswire.com,Botswana,Zamoskvorech’ye
689,Melissa,Hayes,mhayesj4@sfgate.com,China,Chiquinquirá
690,Jesse,Cole,jcolej5@imageshack.us,Philippines,Stockholm
691,Adam,Gray,agrayj6@sohu.com,Indonesia,Liuzu
692,Juan,Brown,jbrownj7@cmu.edu,Spain,Lusk
693,Roger,Fox,rfoxj8@tinypic.com,Poland,Kalibuntu
694,Tammy,Richards,trichardsj9@opensource.org,Egypt,Soloma
695,Donald,Diaz,ddiazja@networksolutions.com,Indonesia,Parchal
696,Terry,Ramirez,tramirezjb@army.mil,China,Guohe
697,Sharon,Alexander,salexanderjc@github.com,Libya,Da’an
698,Thomas,Bowman,tbowmanjd@ed.gov,Indonesia,Bužim
699,Scott,Oliver,soliverje@cnbc.com,China,Taimaman
700,Judith,Bennett,jbennettjf@skype.com,Madagascar,Columbus
701,Lawrence,Snyder,lsnyderjg@hao123.com,Russia,Goma
702,Bruce,Evans,bevansjh@bing.com,Cameroon,Zakamensk
703,Jean,Riley,jrileyji@prlog.org,Czech Republic,La Jagua de Ibirico
704,Jose,Riley,jrileyjj@delicious.com,Brazil,Kamieniec Podolski
705,Nicole,Wagner,nwagnerjk@globo.com,Brazil,Jielong
706,Craig,Porter,cporterjl@elegantthemes.com,Kyrgyzstan,Las Lomas
707,Randy,Little,rlittlejm@epa.gov,Indonesia,Vittoriosa
708,Howard,Chapman,hchapmanjn@engadget.com,China,Volzhskiy
709,Evelyn,Snyder,esnyderjo@scientificamerican.com,Sweden,Tabant
710,Sean,Fowler,sfowlerjp@hp.com,Netherlands,Jinshan
711,Carol,Burke,cburkejq@spotify.com,China,Sabinópolis
712,Justin,Reyes,jreyesjr@geocities.jp,China,Attard
713,Amy,Morales,amoralesjs@twitter.com,Netherlands,Kaduseeng
714,Christine,Mcdonald,cmcdonaldjt@github.com,China,Bala Murghab
715,Stephen,Fields,sfieldsju@forbes.com,China,Roshchino
716,Jane,Greene,jgreenejv@noaa.gov,United States,Wanghu
717,Adam,Clark,aclarkjw@fema.gov,China,Ampelákia
718,Pamela,Thomas,pthomasjx@baidu.com,Gambia,Perches
719,Keith,Green,kgreenjy@miitbeian.gov.cn,Norway,Qingping
720,Annie,Robinson,arobinsonjz@miitbeian.gov.cn,China,Citundun
721,Frank,Reyes,freyesk0@nature.com,Poland,Poříčany
722,Ruby,Stone,rstonek1@sitemeter.com,Indonesia,Jargalant
723,Gary,Johnson,gjohnsonk2@bigcartel.com,China,Batutulis
724,Billy,Jackson,bjacksonk3@nytimes.com,China,Yongfeng
725,Robert,George,rgeorgek4@free.fr,Portugal,Mazowe
726,Tammy,Mason,tmasonk5@tamu.edu,Peru,Senadan
727,Bonnie,Lee,bleek6@reddit.com,China,Rongcheng
728,Diane,Jordan,djordank7@jigsy.com,China,Vilémov
729,Katherine,Mccoy,kmccoyk8@noaa.gov,China,Maulawin
730,Douglas,Olson,dolsonk9@nasa.gov,Ukraine,Yatsuomachi-higashikumisaka
731,Lori,Griffin,lgriffinka@miitbeian.gov.cn,Philippines,Fakaifou Village
732,Wayne,Banks,wbankskb@apache.org,Sweden,Baitang
733,Angela,Oliver,aoliverkc@rambler.ru,Indonesia,Fīrūzābād
734,Henry,Olson,holsonkd@ted.com,Indonesia,Chiguata
735,Cynthia,Diaz,cdiazke@cisco.com,Indonesia,Žeravice
736,Jonathan,Hill,jhillkf@ox.ac.uk,Morocco,Talas
737,Tammy,Castillo,tcastillokg@google.it,China,‘Arīqah
738,Melissa,Hill,mhillkh@yellowbook.com,Russia,San Juan
739,Patricia,Powell,ppowellki@huffingtonpost.com,Brazil,Osorno
740,Brandon,Cook,bcookkj@360.cn,Democratic Republic of the Congo,Yuyapichis
741,Judy,Palmer,jpalmerkk@nbcnews.com,Thailand,Tawun
742,Sandra,Jackson,sjacksonkl@i2i.jp,Ukraine,Bydgoszcz
743,Jeffrey,Fuller,jfullerkm@about.com,Croatia,Shuangfeng
744,Dorothy,Fields,dfieldskn@google.cn,China,Dasol
745,Teresa,Jackson,tjacksonko@apple.com,Poland,Plaridel
746,Thomas,Cruz,tcruzkp@opera.com,Indonesia,Polzela
747,Lisa,Cruz,lcruzkq@reddit.com,Denmark,Dongchong
748,Doris,Morgan,dmorgankr@dion.ne.jp,Iran,Gojō
749,Ernest,Phillips,ephillipsks@google.co.uk,Ukraine,Lleida
750,Joe,Myers,jmyerskt@globo.com,China,Montreuil
751,Russell,Meyer,rmeyerku@jigsy.com,Czech Republic,Bohumín
752,Richard,Washington,rwashingtonkv@wix.com,Canada,Ōkawa
753,Pamela,Richards,prichardskw@e-recht24.de,France,Santa Lucía Cotzumalguapa
754,Alan,Sullivan,asullivankx@so-net.ne.jp,Finland,Kukurečani
755,Eugene,Franklin,efranklinky@paginegialle.it,China,Dzvinogrud
756,Roger,Crawford,rcrawfordkz@flavors.me,Russia,Pinhão
757,Tina,Chavez,tchavezl0@irs.gov,Indonesia,Aloleng
758,Philip,Greene,pgreenel1@mayoclinic.com,China,Semalang
759,Judy,Barnes,jbarnesl2@msu.edu,Czech Republic,Tsaghkaber
760,Dorothy,Elliott,delliottl3@prnewswire.com,Ukraine,Miłakowo
761,Willie,Meyer,wmeyerl4@mapquest.com,United States,Piraí do Sul
762,Billy,Washington,bwashingtonl5@ucoz.ru,Mexico,Brikama Nding
763,Cynthia,Graham,cgrahaml6@hibu.com,China,Rzeczenica
764,Laura,Rivera,lriveral7@hubpages.com,China,Bratislava
765,Melissa,Fuller,mfullerl8@hao123.com,China,Jawatiwa
766,Doris,Nguyen,dnguyenl9@china.com.cn,Philippines,Zhengyangshan
767,Harold,Howard,hhowardla@meetup.com,Finland,Aberdeen
768,Jacqueline,Gardner,jgardnerlb@ask.com,Indonesia,Jinbo
769,Juan,Hayes,jhayeslc@opensource.org,Greece,Karangpawitan
770,James,Reyes,jreyesld@arizona.edu,China,Emiliano Zapata
771,Susan,Rice,sricele@issuu.com,China,Guangfu
772,Anthony,Washington,awashingtonlf@guardian.co.uk,Philippines,Langue
773,Jeffrey,Ortiz,jortizlg@washington.edu,Russia,Pasirputih
774,Ronald,Hamilton,rhamiltonlh@163.com,Bolivia,Nghĩa Hành
775,Laura,Cruz,lcruzli@who.int,China,Kalisari
776,Teresa,Morrison,tmorrisonlj@mozilla.com,China,Krayen
777,Willie,Bradley,wbradleylk@blinklist.com,Iran,Saint-Nazaire
778,Tammy,Ferguson,tfergusonll@nasa.gov,Brazil,Marialva
779,Jason,Gardner,jgardnerlm@canalblog.com,Indonesia,Orhei
780,Jesse,Johnston,jjohnstonln@sina.com.cn,China,Dawuhan
781,David,Franklin,dfranklinlo@fema.gov,Belarus,Santa Cruz de El Seibo
782,Frances,Edwards,fedwardslp@google.it,Russia,Rijeka
783,Rachel,Rodriguez,rrodriguezlq@opensource.org,China,Bayt Dajan
784,Larry,Washington,lwashingtonlr@dropbox.com,Indonesia,Batangtoru
785,Roger,Cox,rcoxls@cdc.gov,China,Columbus
786,Roy,Wagner,rwagnerlt@lycos.com,Czech Republic,Sukolilo
787,Kenneth,Lee,kleelu@cam.ac.uk,Argentina,Sillamäe
788,Mildred,Peterson,mpetersonlv@geocities.jp,Indonesia,Gaspar
789,Catherine,Foster,cfosterlw@bandcamp.com,Indonesia,Zmiyëvka
790,Betty,Rice,bricelx@irs.gov,Japan,Guangshun
791,Janet,Stephens,jstephensly@google.com.hk,Palestinian Territory,Kadupinang
792,Dennis,Crawford,dcrawfordlz@xrea.com,Philippines,Wakiso
793,Kathleen,James,kjamesm0@google.com.hk,China,Itinga
794,Ryan,Mitchell,rmitchellm1@pbs.org,Ireland,Dobryatino
795,Jonathan,Foster,jfosterm2@xing.com,Mongolia,Bafoussam
796,Wanda,Burns,wburnsm3@tiny.cc,Indonesia,Yingpu
797,Patrick,Mendoza,pmendozam4@ebay.com,Indonesia,Botshabelo
798,Rose,Hunt,rhuntm5@answers.com,Latvia,Villa Allende
799,Lois,Stevens,lstevensm6@histats.com,Peru,Viga
800,Heather,Frazier,hfrazierm7@google.fr,Bulgaria,Shedok
801,Keith,Lee,kleem8@cocolog-nifty.com,Croatia,Baliuag
802,Ashley,Russell,arussellm9@studiopress.com,China,Tangba
803,Lillian,Rose,lrosema@blogger.com,Indonesia,Xiong’erzhai
804,John,Hanson,jhansonmb@lulu.com,China,Shaxi
805,Ruby,Palmer,rpalmermc@edublogs.org,Sudan,Laojieji
806,Harold,Harvey,hharveymd@umich.edu,Afghanistan,Fanzhuang
807,Robert,Carr,rcarrme@berkeley.edu,Indonesia,Kanáli
808,Helen,Butler,hbutlermf@whitehouse.gov,Indonesia,Santa Cruz
809,Joe,Ramirez,jramirezmg@scribd.com,Indonesia,Santa Praxedes
810,Diane,Parker,dparkermh@bloglovin.com,Albania,Ili
811,Catherine,Rodriguez,crodriguezmi@cdc.gov,Zambia,Guáimaro
812,Carol,Simpson,csimpsonmj@privacy.gov.au,Netherlands,Le Mans
813,Donna,Cunningham,dcunninghammk@cafepress.com,Indonesia,Stare Kurowo
814,Susan,Palmer,spalmerml@yahoo.co.jp,Croatia,Kotlyarevskaya
815,Kimberly,Rodriguez,krodriguezmm@jimdo.com,Colombia,Xinba
816,Clarence,Berry,cberrymn@seesaa.net,China,Proletarskiy
817,Daniel,Mendoza,dmendozamo@nbcnews.com,China,Täby
818,Jason,Evans,jevansmp@usda.gov,Peru,Poljčane
819,Margaret,Peters,mpetersmq@dagondesign.com,Nigeria,Solotcha
820,Martha,Wheeler,mwheelermr@cmu.edu,France,Ituverava
821,Chris,Reyes,creyesms@paginegialle.it,Indonesia,Ning’er
822,Ronald,Kelly,rkellymt@gravatar.com,China,Novi Zagreb
823,Kelly,Phillips,kphillipsmu@constantcontact.com,China,Ząbkowice Śląskie
824,Jacqueline,Medina,jmedinamv@rakuten.co.jp,Vietnam,Amherst
825,Martha,Fernandez,mfernandezmw@sun.com,China,Tân Sơn
826,Cheryl,Garrett,cgarrettmx@webnode.com,Afghanistan,Alqueva
827,Jeremy,Castillo,jcastillomy@admin.ch,Uganda,Pura
828,Brian,Murphy,bmurphymz@ask.com,China,Jingpeng
829,Jessica,Spencer,jspencern0@csmonitor.com,United States,Wa’eryi
830,Jack,Miller,jmillern1@uol.com.br,Indonesia,Santa Rosa
831,Jimmy,Russell,jrusselln2@squidoo.com,Colombia,Xianghua
832,Annie,Daniels,adanielsn3@nationalgeographic.com,Canada,Nam Som
833,Janice,Mccoy,jmccoyn4@amazonaws.com,Thailand,Kembé
834,Barbara,Foster,bfostern5@tinypic.com,Venezuela,Brokopondo
835,Lillian,Bailey,lbaileyn6@phpbb.com,China,Kembangkerang Lauk Timur
836,Nicole,Hawkins,nhawkinsn7@forbes.com,Indonesia,Holma
837,Todd,Kennedy,tkennedyn8@1und1.de,France,Emiliano Zapata
838,Helen,Hawkins,hhawkinsn9@tumblr.com,China,Saxin
839,Louis,Roberts,lrobertsna@ezinearticles.com,Chad,Taihu
840,Timothy,Evans,tevansnb@spiegel.de,Indonesia,Al Lagowa
841,Ralph,Bennett,rbennettnc@redcross.org,Finland,Labruge
842,Donna,Armstrong,darmstrongnd@homestead.com,China,Khairpur
843,Marie,Morris,mmorrisne@wordpress.com,China,Sechenovo
844,Jennifer,Gonzales,jgonzalesnf@amazon.com,China,Sambopinggir
845,Thomas,Diaz,tdiazng@netscape.com,Philippines,Pinsk
846,Nancy,Daniels,ndanielsnh@pbs.org,Mexico,Nahrīn
847,Jean,Matthews,jmatthewsni@exblog.jp,China,Al Qadarif
848,Melissa,Matthews,mmatthewsnj@dagondesign.com,China,Lukovica pri Domžalah
849,Anne,West,awestnk@wp.com,Nauru,Jiangcun
850,Wanda,Barnes,wbarnesnl@yolasite.com,Malta,Tigaon
851,Joyce,Richards,jrichardsnm@dailymotion.com,China,Maredakamau
852,Gloria,Rivera,griverann@china.com.cn,Russia,Praszka
853,Wayne,Hanson,whansonno@nasa.gov,Canada,Pryyutivka
854,Linda,Stevens,lstevensnp@blog.com,Ireland,Tawun
855,Joseph,Davis,jdavisnq@baidu.com,Syria,Episkopí
856,Jean,Rice,jricenr@umn.edu,Philippines,Ikang
857,Todd,Berry,tberryns@meetup.com,French Polynesia,Shuinanxu
858,Donna,Fernandez,dfernandeznt@reference.com,China,Hakui
859,Martha,James,mjamesnu@nydailynews.com,China,Horta
860,Angela,Parker,aparkernv@weather.com,Denmark,Ubatuba
861,Amanda,Reyes,areyesnw@123-reg.co.uk,Philippines,Leone
862,Katherine,Ellis,kellisnx@va.gov,China,Kembangkerang Satu
863,Wanda,Hayes,whayesny@cnbc.com,Canada,Sakaidechō
864,Elizabeth,Robinson,erobinsonnz@amazon.co.uk,Zimbabwe,Siemiątkowo
865,Teresa,Duncan,tduncano0@webnode.com,Colombia,Kuningan
866,Gary,Allen,galleno1@clickbank.net,France,Arcoverde
867,Maria,Martin,mmartino2@meetup.com,Brazil,Zadawa
868,Shawn,Banks,sbankso3@rediff.com,South Africa,Parigi
869,Clarence,Armstrong,carmstrongo4@prnewswire.com,France,Digos
870,Jerry,Cooper,jcoopero5@studiopress.com,China,Kupino
871,Samuel,Porter,sportero6@craigslist.org,Philippines,Patos Fshat
872,Jesse,Weaver,jweavero7@example.com,Egypt,Yangqiao
873,Doris,Hudson,dhudsono8@cloudflare.com,Philippines,Jezerce
874,Russell,Holmes,rholmeso9@wunderground.com,Kazakhstan,Cigaluh
875,Roy,Howell,rhowelloa@google.com,Greece,Sofiyivka
876,Phyllis,Berry,pberryob@bbc.co.uk,Germany,Lávara
877,Janet,Bryant,jbryantoc@g.co,China,Krasnogorskoye
878,Michael,Fowler,mfowlerod@histats.com,United Kingdom,Carvoeira
879,Margaret,Wallace,mwallaceoe@wikipedia.org,Iran,Laï
880,Patrick,Austin,paustinof@hao123.com,Philippines,Solna
881,Eugene,Johnston,ejohnstonog@guardian.co.uk,Russia,Gisiliba
882,Jennifer,Smith,jsmithoh@arstechnica.com,Libya,Gajrug
883,Catherine,Hart,chartoi@usatoday.com,Philippines,Kostino
884,Gary,Murphy,gmurphyoj@github.com,Philippines,Liuduzhai
885,Bruce,Fuller,bfullerok@tripadvisor.com,Indonesia,Himensulan
886,Sarah,Perkins,sperkinsol@amazon.com,Pakistan,San Juan Bautista
887,Douglas,Webb,dwebbom@cnbc.com,Estonia,Bulawin
888,Beverly,Franklin,bfranklinon@baidu.com,Democratic Republic of the Congo,Baoxing
889,Sean,Nichols,snicholsoo@smugmug.com,China,Lewisporte
890,Joseph,White,jwhiteop@berkeley.edu,Philippines,Mosina
891,Harry,Jones,hjonesoq@yellowbook.com,Philippines,Gungguh
892,Jason,Montgomery,jmontgomeryor@blogspot.com,Slovenia,Zhoutie
893,Thomas,Richardson,trichardsonos@oakley.com,Chile,Diveyevo
894,Andrea,Willis,awillisot@google.fr,Japan,Azaruja
895,Theresa,Cunningham,tcunninghamou@imgur.com,Argentina,Negotin
896,Martha,Wilson,mwilsonov@wiley.com,China,Mubende
897,Steven,Davis,sdavisow@newyorker.com,China,Senggreng
898,Howard,Boyd,hboydox@ihg.com,China,Xinzheng
899,Jeremy,Carpenter,jcarpenteroy@tumblr.com,Costa Rica,Xialu
900,Brian,Hunt,bhuntoz@usatoday.com,China,Rabig
901,Amy,Harrison,aharrisonp0@reverbnation.com,China,Heping
902,Virginia,Matthews,vmatthewsp1@prlog.org,Argentina,Mosteiros
903,Thomas,Williamson,twilliamsonp2@uol.com.br,Liechtenstein,Ventersdorp
904,Amy,Banks,abanksp3@sakura.ne.jp,Argentina,Seattle
905,Henry,Lawson,hlawsonp4@cbc.ca,China,Kuvshinovo
906,Patrick,Myers,pmyersp5@earthlink.net,Brazil,Kāleke Mandi
907,Gerald,Nichols,gnicholsp6@booking.com,Indonesia,Punākha
908,Anna,Bryant,abryantp7@altervista.org,Guatemala,Meiyao
909,Ruth,Rice,rricep8@hhs.gov,Sweden,Zhifudao
910,Martha,Mitchell,mmitchellp9@cam.ac.uk,Poland,Tamaulipas
911,Julie,Fowler,jfowlerpa@hexun.com,China,Bulan
912,Randy,Matthews,rmatthewspb@sciencedaily.com,Russia,Sanxi
913,Randy,Cunningham,rcunninghampc@pcworld.com,Greece,Klerksdorp
914,Christopher,Hanson,chansonpd@tamu.edu,China,Tonj
915,Billy,Hart,bhartpe@rediff.com,Nicaragua,Nuku‘alofa
916,Eric,Coleman,ecolemanpf@bandcamp.com,Peru,Itororó
917,Richard,Lewis,rlewispg@bravesites.com,Philippines,Huamu
918,Catherine,Schmidt,cschmidtph@stanford.edu,China,Seredka
919,Anne,Kim,akimpi@feedburner.com,Nigeria,Manis Mekarwangi
920,Denise,Reyes,dreyespj@cbslocal.com,Czech Republic,Valence
921,Philip,Reynolds,preynoldspk@sourceforge.net,China,Cordeiro
922,Jose,Hanson,jhansonpl@youtu.be,Kosovo,Tajan
923,Melissa,Bryant,mbryantpm@tumblr.com,Ukraine,Jastrebarsko
924,Jeffrey,Griffin,jgriffinpn@ebay.com,United States,Priozërsk
925,Cheryl,Hansen,chansenpo@blogs.com,Tanzania,Bojongaren
926,Kathy,Perez,kperezpp@chron.com,Cuba,Zhuangxing
927,Wayne,Jenkins,wjenkinspq@instagram.com,Sweden,Lidzbark
928,Benjamin,Chapman,bchapmanpr@yolasite.com,Greece,Zürich
929,Victor,Allen,vallenps@ed.gov,Indonesia,Yunxi
930,Emily,Stewart,estewartpt@yellowpages.com,France,Sukadana
931,Jeffrey,Alexander,jalexanderpu@hexun.com,Czech Republic,Funaishikawa
932,Dennis,Boyd,dboydpv@taobao.com,Russia,Rumat Heib
933,Shirley,Wheeler,swheelerpw@trellian.com,Syria,Huazhai
934,Joan,Ross,jrosspx@indiegogo.com,Peru,Legok
935,Kenneth,Fuller,kfullerpy@psu.edu,Brazil,Shenshu
936,Jesse,Welch,jwelchpz@amazon.com,China,Gościeradów
937,Martin,Powell,mpowellq0@google.it,Poland,Dūst Moḩammad Khān
938,Margaret,Garza,mgarzaq1@state.tx.us,France,Jequitinhonha
939,Ralph,Carpenter,rcarpenterq2@about.com,China,Poshnje
940,Keith,Sanders,ksandersq3@clickbank.net,China,Maogang
941,Annie,Wells,awellsq4@state.gov,France,Miguel Calmon
942,Marie,Watson,mwatsonq5@wufoo.com,Sweden,Saint-Bruno-de-Guigues
943,Louise,Ortiz,lortizq6@ted.com,Indonesia,Jambangan
944,Helen,Rose,hroseq7@unc.edu,Dominican Republic,Real
945,Irene,Patterson,ipattersonq8@goo.gl,Spain,Azeitão
946,Lisa,Morales,lmoralesq9@last.fm,China,Brokopondo
947,Clarence,Fuller,cfullerqa@oaic.gov.au,Indonesia,Gunung Sugih
948,Brandon,Shaw,bshawqb@msu.edu,Mexico,Tomohon
949,Margaret,Carr,mcarrqc@blogtalkradio.com,Portugal,Amsterdam
950,Charles,Perkins,cperkinsqd@google.com,China,Coja
951,Tammy,Rogers,trogersqe@uol.com.br,China,Huangcun
952,Phillip,Knight,pknightqf@salon.com,Czech Republic,Katuli
953,Anna,Mason,amasonqg@woothemes.com,China,Bartsrashen
954,Earl,Davis,edavisqh@dailymail.co.uk,China,Stęszew
955,Jessica,Hamilton,jhamiltonqi@stumbleupon.com,Russia,Jinchang
956,Dorothy,Ross,drossqj@odnoklassniki.ru,Sweden,Jangheung
957,Theresa,Ryan,tryanqk@utexas.edu,China,Fengdian
958,Phillip,Green,pgreenql@google.cn,Russia,Nakhon Phanom
959,George,Jacobs,gjacobsqm@wiley.com,Indonesia,Jargalant
960,Nancy,Richardson,nrichardsonqn@wp.com,China,Skuodas
961,Denise,Cook,dcookqo@multiply.com,Nigeria,Bayang
962,Jacqueline,Rose,jroseqp@goo.gl,North Korea,Longtian
963,Charles,Fisher,cfisherqq@free.fr,China,Laborie
964,Doris,Wallace,dwallaceqr@odnoklassniki.ru,China,Almelo
965,Robin,Campbell,rcampbellqs@xrea.com,Thailand,Reno
966,Margaret,Rice,mriceqt@nba.com,Indonesia,Chikan
967,Lisa,Castillo,lcastilloqu@pagesperso-orange.fr,Belarus,Pagak Kulon
968,Steven,Evans,sevansqv@bbc.co.uk,Indonesia,Cumanacoa
969,Jimmy,Myers,jmyersqw@tuttocitta.it,Indonesia,Vân Tùng
970,Tammy,Cox,tcoxqx@1und1.de,Greece,Annonay
971,Edward,Barnes,ebarnesqy@webnode.com,Philippines,Zhoutie
972,James,Bradley,jbradleyqz@europa.eu,China,Nurmo
973,Judy,Webb,jwebbr0@cbc.ca,Madagascar,Sendang
974,Donald,Dean,ddeanr1@privacy.gov.au,Philippines,Ogawa
975,Chris,Fernandez,cfernandezr2@amazon.co.jp,Yemen,Manjiang
976,Theresa,Brooks,tbrooksr3@cdbaby.com,China,Krouna
977,Angela,Washington,awashingtonr4@dailymail.co.uk,Russia,Toronto
978,Stephanie,Reyes,sreyesr5@google.nl,Russia,Verkhniy Lomov
979,Melissa,Lawson,mlawsonr6@typepad.com,Cameroon,Windsor
980,Billy,Hughes,bhughesr7@earthlink.net,China,Gaotang
981,Christine,Jordan,cjordanr8@umich.edu,Indonesia,Huogezhuang
982,Justin,Stevens,jstevensr9@hugedomains.com,Albania,Kangmei
983,Jeffrey,Powell,jpowellra@diigo.com,Colombia,Orikum
984,Antonio,Carpenter,acarpenterrb@opera.com,Philippines,Kepoh
985,Kathleen,Vasquez,kvasquezrc@technorati.com,Ukraine,Guataquí
986,Anthony,Williamson,awilliamsonrd@t-online.de,China,Olszówka
987,Carlos,Perez,cperezre@purevolume.com,Finland,Leduc
988,Jimmy,Day,jdayrf@angelfire.com,Portugal,Svoge
989,Justin,Nguyen,jnguyenrg@dropbox.com,Indonesia,Lavras da Mangabeira
990,Virginia,Andrews,vandrewsrh@geocities.jp,Philippines,Xincun
991,Kenneth,Fuller,kfullerri@amazon.co.jp,France,Beit Horon
992,Nicole,Thompson,nthompsonrj@mail.ru,Canada,Iset’
993,Gerald,Stevens,gstevensrk@baidu.com,China,Ōnojō
994,Norma,Greene,ngreenerl@nih.gov,China,North Bay
995,Lillian,Wright,lwrightrm@meetup.com,Brazil,Samara
996,Todd,Payne,tpaynern@wix.com,Ukraine,Kirawsk
997,Judy,Jones,jjonesro@odnoklassniki.ru,Kenya,Chaviña
998,Martin,Black,mblackrp@wunderground.com,China,Manhiça
999,Lillian,Turner,lturnerrq@meetup.com,Macedonia,Cimongkor
1000,Helen,Gardner,hgardnerrr@hao123.com,Australia,Đức Phong
